--
-- PostgreSQL database dump
--

\restrict wacQxcVUT3rWYJywtchLc5n2PzrgDDrVt0mjneAlDK2v6CzqFMXfYNZSSpMnlWQ

-- Dumped from database version 14.19
-- Dumped by pg_dump version 14.19

SET statement_timeout = 0;
SET lock_timeout = 0;
SET idle_in_transaction_session_timeout = 0;
SET client_encoding = 'UTF8';
SET standard_conforming_strings = on;
SELECT pg_catalog.set_config('search_path', '', false);
SET check_function_bodies = false;
SET xmloption = content;
SET client_min_messages = warning;
SET row_security = off;

SET default_tablespace = '';

SET default_table_access_method = heap;

--
-- Name: abcdef_downloadinfo; Type: TABLE; Schema: public; Owner: -
--

CREATE TABLE public.abcdef_downloadinfo (
    id integer NOT NULL,
    name character varying(255) NOT NULL,
    link character varying(200) NOT NULL,
    updated_at timestamp with time zone NOT NULL,
    is_downloaded boolean NOT NULL,
    is_added boolean NOT NULL,
    retry_count integer NOT NULL,
    status_message text,
    CONSTRAINT abcdef_downloadinfo_retry_count_check CHECK ((retry_count >= 0))
);


--
-- Name: abcdef_downloadinfo_id_seq; Type: SEQUENCE; Schema: public; Owner: -
--

ALTER TABLE public.abcdef_downloadinfo ALTER COLUMN id ADD GENERATED BY DEFAULT AS IDENTITY (
    SEQUENCE NAME public.abcdef_downloadinfo_id_seq
    START WITH 1
    INCREMENT BY 1
    NO MINVALUE
    NO MAXVALUE
    CACHE 1
);


--
-- Name: abcdef_opsos; Type: TABLE; Schema: public; Owner: -
--

CREATE TABLE public.abcdef_opsos (
    id integer NOT NULL,
    name character varying(255) NOT NULL
);


--
-- Name: abcdef_opsos_id_seq; Type: SEQUENCE; Schema: public; Owner: -
--

ALTER TABLE public.abcdef_opsos ALTER COLUMN id ADD GENERATED BY DEFAULT AS IDENTITY (
    SEQUENCE NAME public.abcdef_opsos_id_seq
    START WITH 1
    INCREMENT BY 1
    NO MINVALUE
    NO MAXVALUE
    CACHE 1
);


--
-- Name: abcdef_phone; Type: TABLE; Schema: public; Owner: -
--

CREATE TABLE public.abcdef_phone (
    id integer NOT NULL,
    num_prefix character varying(5) NOT NULL,
    num_start character varying(20) NOT NULL,
    num_end character varying(20) NOT NULL,
    capacity integer NOT NULL,
    opsos character varying(255) NOT NULL,
    region character varying(500) NOT NULL,
    territory text,
    inn character varying(20) NOT NULL,
    CONSTRAINT abcdef_phone_capacity_check CHECK ((capacity >= 0))
);


--
-- Name: abcdef_phone_id_seq; Type: SEQUENCE; Schema: public; Owner: -
--

ALTER TABLE public.abcdef_phone ALTER COLUMN id ADD GENERATED BY DEFAULT AS IDENTITY (
    SEQUENCE NAME public.abcdef_phone_id_seq
    START WITH 1
    INCREMENT BY 1
    NO MINVALUE
    NO MAXVALUE
    CACHE 1
);


--
-- Name: abcdef_phonenorm; Type: TABLE; Schema: public; Owner: -
--

CREATE TABLE public.abcdef_phonenorm (
    id integer NOT NULL,
    num_prefix integer NOT NULL,
    num_min bigint NOT NULL,
    num_max bigint NOT NULL,
    capacity integer NOT NULL,
    inn character varying(20) NOT NULL,
    opsos_id integer,
    territory_id integer,
    CONSTRAINT abcdef_phonenorm_capacity_check CHECK ((capacity >= 0))
);


--
-- Name: abcdef_phonenorm_id_seq; Type: SEQUENCE; Schema: public; Owner: -
--

ALTER TABLE public.abcdef_phonenorm ALTER COLUMN id ADD GENERATED BY DEFAULT AS IDENTITY (
    SEQUENCE NAME public.abcdef_phonenorm_id_seq
    START WITH 1
    INCREMENT BY 1
    NO MINVALUE
    NO MAXVALUE
    CACHE 1
);


--
-- Name: abcdef_territory; Type: TABLE; Schema: public; Owner: -
--

CREATE TABLE public.abcdef_territory (
    id integer NOT NULL,
    name text NOT NULL
);


--
-- Name: abcdef_territory_id_seq; Type: SEQUENCE; Schema: public; Owner: -
--

ALTER TABLE public.abcdef_territory ALTER COLUMN id ADD GENERATED BY DEFAULT AS IDENTITY (
    SEQUENCE NAME public.abcdef_territory_id_seq
    START WITH 1
    INCREMENT BY 1
    NO MINVALUE
    NO MAXVALUE
    CACHE 1
);


--
-- Name: auth_group; Type: TABLE; Schema: public; Owner: -
--

CREATE TABLE public.auth_group (
    id integer NOT NULL,
    name character varying(150) NOT NULL
);


--
-- Name: auth_group_id_seq; Type: SEQUENCE; Schema: public; Owner: -
--

ALTER TABLE public.auth_group ALTER COLUMN id ADD GENERATED BY DEFAULT AS IDENTITY (
    SEQUENCE NAME public.auth_group_id_seq
    START WITH 1
    INCREMENT BY 1
    NO MINVALUE
    NO MAXVALUE
    CACHE 1
);


--
-- Name: auth_group_permissions; Type: TABLE; Schema: public; Owner: -
--

CREATE TABLE public.auth_group_permissions (
    id integer NOT NULL,
    group_id integer NOT NULL,
    permission_id integer NOT NULL
);


--
-- Name: auth_group_permissions_id_seq; Type: SEQUENCE; Schema: public; Owner: -
--

ALTER TABLE public.auth_group_permissions ALTER COLUMN id ADD GENERATED BY DEFAULT AS IDENTITY (
    SEQUENCE NAME public.auth_group_permissions_id_seq
    START WITH 1
    INCREMENT BY 1
    NO MINVALUE
    NO MAXVALUE
    CACHE 1
);


--
-- Name: auth_permission; Type: TABLE; Schema: public; Owner: -
--

CREATE TABLE public.auth_permission (
    id integer NOT NULL,
    name character varying(255) NOT NULL,
    content_type_id integer NOT NULL,
    codename character varying(100) NOT NULL
);


--
-- Name: auth_permission_id_seq; Type: SEQUENCE; Schema: public; Owner: -
--

ALTER TABLE public.auth_permission ALTER COLUMN id ADD GENERATED BY DEFAULT AS IDENTITY (
    SEQUENCE NAME public.auth_permission_id_seq
    START WITH 1
    INCREMENT BY 1
    NO MINVALUE
    NO MAXVALUE
    CACHE 1
);


--
-- Name: auth_user; Type: TABLE; Schema: public; Owner: -
--

CREATE TABLE public.auth_user (
    id integer NOT NULL,
    password character varying(128) NOT NULL,
    last_login timestamp with time zone,
    is_superuser boolean NOT NULL,
    username character varying(150) NOT NULL,
    first_name character varying(150) NOT NULL,
    last_name character varying(150) NOT NULL,
    email character varying(254) NOT NULL,
    is_staff boolean NOT NULL,
    is_active boolean NOT NULL,
    date_joined timestamp with time zone NOT NULL
);


--
-- Name: auth_user_groups; Type: TABLE; Schema: public; Owner: -
--

CREATE TABLE public.auth_user_groups (
    id integer NOT NULL,
    user_id integer NOT NULL,
    group_id integer NOT NULL
);


--
-- Name: auth_user_groups_id_seq; Type: SEQUENCE; Schema: public; Owner: -
--

ALTER TABLE public.auth_user_groups ALTER COLUMN id ADD GENERATED BY DEFAULT AS IDENTITY (
    SEQUENCE NAME public.auth_user_groups_id_seq
    START WITH 1
    INCREMENT BY 1
    NO MINVALUE
    NO MAXVALUE
    CACHE 1
);


--
-- Name: auth_user_id_seq; Type: SEQUENCE; Schema: public; Owner: -
--

ALTER TABLE public.auth_user ALTER COLUMN id ADD GENERATED BY DEFAULT AS IDENTITY (
    SEQUENCE NAME public.auth_user_id_seq
    START WITH 1
    INCREMENT BY 1
    NO MINVALUE
    NO MAXVALUE
    CACHE 1
);


--
-- Name: auth_user_user_permissions; Type: TABLE; Schema: public; Owner: -
--

CREATE TABLE public.auth_user_user_permissions (
    id integer NOT NULL,
    user_id integer NOT NULL,
    permission_id integer NOT NULL
);


--
-- Name: auth_user_user_permissions_id_seq; Type: SEQUENCE; Schema: public; Owner: -
--

ALTER TABLE public.auth_user_user_permissions ALTER COLUMN id ADD GENERATED BY DEFAULT AS IDENTITY (
    SEQUENCE NAME public.auth_user_user_permissions_id_seq
    START WITH 1
    INCREMENT BY 1
    NO MINVALUE
    NO MAXVALUE
    CACHE 1
);


--
-- Name: authtoken_token; Type: TABLE; Schema: public; Owner: -
--

CREATE TABLE public.authtoken_token (
    key character varying(40) NOT NULL,
    created timestamp with time zone NOT NULL,
    user_id integer NOT NULL
);


--
-- Name: django_admin_log; Type: TABLE; Schema: public; Owner: -
--

CREATE TABLE public.django_admin_log (
    id integer NOT NULL,
    action_time timestamp with time zone NOT NULL,
    object_id text,
    object_repr character varying(200) NOT NULL,
    action_flag smallint NOT NULL,
    change_message text NOT NULL,
    content_type_id integer,
    user_id integer NOT NULL,
    CONSTRAINT django_admin_log_action_flag_check CHECK ((action_flag >= 0))
);


--
-- Name: django_admin_log_id_seq; Type: SEQUENCE; Schema: public; Owner: -
--

ALTER TABLE public.django_admin_log ALTER COLUMN id ADD GENERATED BY DEFAULT AS IDENTITY (
    SEQUENCE NAME public.django_admin_log_id_seq
    START WITH 1
    INCREMENT BY 1
    NO MINVALUE
    NO MAXVALUE
    CACHE 1
);


--
-- Name: django_content_type; Type: TABLE; Schema: public; Owner: -
--

CREATE TABLE public.django_content_type (
    id integer NOT NULL,
    app_label character varying(100) NOT NULL,
    model character varying(100) NOT NULL
);


--
-- Name: django_content_type_id_seq; Type: SEQUENCE; Schema: public; Owner: -
--

ALTER TABLE public.django_content_type ALTER COLUMN id ADD GENERATED BY DEFAULT AS IDENTITY (
    SEQUENCE NAME public.django_content_type_id_seq
    START WITH 1
    INCREMENT BY 1
    NO MINVALUE
    NO MAXVALUE
    CACHE 1
);


--
-- Name: django_migrations; Type: TABLE; Schema: public; Owner: -
--

CREATE TABLE public.django_migrations (
    id integer NOT NULL,
    app character varying(255) NOT NULL,
    name character varying(255) NOT NULL,
    applied timestamp with time zone NOT NULL
);


--
-- Name: django_migrations_id_seq; Type: SEQUENCE; Schema: public; Owner: -
--

ALTER TABLE public.django_migrations ALTER COLUMN id ADD GENERATED BY DEFAULT AS IDENTITY (
    SEQUENCE NAME public.django_migrations_id_seq
    START WITH 1
    INCREMENT BY 1
    NO MINVALUE
    NO MAXVALUE
    CACHE 1
);


--
-- Name: django_session; Type: TABLE; Schema: public; Owner: -
--

CREATE TABLE public.django_session (
    session_key character varying(40) NOT NULL,
    session_data text NOT NULL,
    expire_date timestamp with time zone NOT NULL
);


--
-- Data for Name: abcdef_downloadinfo; Type: TABLE DATA; Schema: public; Owner: -
--

COPY public.abcdef_downloadinfo (id, name, link, updated_at, is_downloaded, is_added, retry_count, status_message) FROM stdin;
\.


--
-- Data for Name: abcdef_opsos; Type: TABLE DATA; Schema: public; Owner: -
--

COPY public.abcdef_opsos (id, name) FROM stdin;
\.


--
-- Data for Name: abcdef_phone; Type: TABLE DATA; Schema: public; Owner: -
--

COPY public.abcdef_phone (id, num_prefix, num_start, num_end, capacity, opsos, region, territory, inn) FROM stdin;
\.


--
-- Data for Name: abcdef_phonenorm; Type: TABLE DATA; Schema: public; Owner: -
--

COPY public.abcdef_phonenorm (id, num_prefix, num_min, num_max, capacity, inn, opsos_id, territory_id) FROM stdin;
\.


--
-- Data for Name: abcdef_territory; Type: TABLE DATA; Schema: public; Owner: -
--

COPY public.abcdef_territory (id, name) FROM stdin;
\.


--
-- Data for Name: auth_group; Type: TABLE DATA; Schema: public; Owner: -
--

COPY public.auth_group (id, name) FROM stdin;
\.


--
-- Data for Name: auth_group_permissions; Type: TABLE DATA; Schema: public; Owner: -
--

COPY public.auth_group_permissions (id, group_id, permission_id) FROM stdin;
\.


--
-- Data for Name: auth_permission; Type: TABLE DATA; Schema: public; Owner: -
--

COPY public.auth_permission (id, name, content_type_id, codename) FROM stdin;
1	Can add Скачанный файл	1	add_downloadinfo
2	Can change Скачанный файл	1	change_downloadinfo
3	Can delete Скачанный файл	1	delete_downloadinfo
4	Can view Скачанный файл	1	view_downloadinfo
5	Can add Оператор	2	add_opsos
6	Can change Оператор	2	change_opsos
7	Can delete Оператор	2	delete_opsos
8	Can view Оператор	2	view_opsos
9	Can add Территория ГАР	3	add_territory
10	Can change Территория ГАР	3	change_territory
11	Can delete Территория ГАР	3	delete_territory
12	Can view Территория ГАР	3	view_territory
13	Can add Реестр нумерации	4	add_phone
14	Can change Реестр нумерации	4	change_phone
15	Can delete Реестр нумерации	4	delete_phone
16	Can view Реестр нумерации	4	view_phone
17	Can add Реестр нумерации (нормализованный)	5	add_phonenorm
18	Can change Реестр нумерации (нормализованный)	5	change_phonenorm
19	Can delete Реестр нумерации (нормализованный)	5	delete_phonenorm
20	Can view Реестр нумерации (нормализованный)	5	view_phonenorm
21	Can add log entry	6	add_logentry
22	Can change log entry	6	change_logentry
23	Can delete log entry	6	delete_logentry
24	Can view log entry	6	view_logentry
25	Can add permission	7	add_permission
26	Can change permission	7	change_permission
27	Can delete permission	7	delete_permission
28	Can view permission	7	view_permission
29	Can add group	8	add_group
30	Can change group	8	change_group
31	Can delete group	8	delete_group
32	Can view group	8	view_group
33	Can add user	9	add_user
34	Can change user	9	change_user
35	Can delete user	9	delete_user
36	Can view user	9	view_user
37	Can add content type	10	add_contenttype
38	Can change content type	10	change_contenttype
39	Can delete content type	10	delete_contenttype
40	Can view content type	10	view_contenttype
41	Can add session	11	add_session
42	Can change session	11	change_session
43	Can delete session	11	delete_session
44	Can view session	11	view_session
45	Can add Token	12	add_token
46	Can change Token	12	change_token
47	Can delete Token	12	delete_token
48	Can view Token	12	view_token
49	Can add Token	13	add_tokenproxy
50	Can change Token	13	change_tokenproxy
51	Can delete Token	13	delete_tokenproxy
52	Can view Token	13	view_tokenproxy
\.


--
-- Data for Name: auth_user; Type: TABLE DATA; Schema: public; Owner: -
--

COPY public.auth_user (id, password, last_login, is_superuser, username, first_name, last_name, email, is_staff, is_active, date_joined) FROM stdin;
\.


--
-- Data for Name: auth_user_groups; Type: TABLE DATA; Schema: public; Owner: -
--

COPY public.auth_user_groups (id, user_id, group_id) FROM stdin;
\.


--
-- Data for Name: auth_user_user_permissions; Type: TABLE DATA; Schema: public; Owner: -
--

COPY public.auth_user_user_permissions (id, user_id, permission_id) FROM stdin;
\.


--
-- Data for Name: authtoken_token; Type: TABLE DATA; Schema: public; Owner: -
--

COPY public.authtoken_token (key, created, user_id) FROM stdin;
\.


--
-- Data for Name: django_admin_log; Type: TABLE DATA; Schema: public; Owner: -
--

COPY public.django_admin_log (id, action_time, object_id, object_repr, action_flag, change_message, content_type_id, user_id) FROM stdin;
\.


--
-- Data for Name: django_content_type; Type: TABLE DATA; Schema: public; Owner: -
--

COPY public.django_content_type (id, app_label, model) FROM stdin;
1	abcdef	downloadinfo
2	abcdef	opsos
3	abcdef	territory
4	abcdef	phone
5	abcdef	phonenorm
6	admin	logentry
7	auth	permission
8	auth	group
9	auth	user
10	contenttypes	contenttype
11	sessions	session
12	authtoken	token
13	authtoken	tokenproxy
\.


--
-- Data for Name: django_migrations; Type: TABLE DATA; Schema: public; Owner: -
--

COPY public.django_migrations (id, app, name, applied) FROM stdin;
1	abcdef	0001_initial	2025-12-13 09:35:28.514372+07
2	abcdef	0002_alter_opsos_name	2025-12-13 09:35:28.534913+07
3	abcdef	0003_alter_territory_name	2025-12-13 09:35:28.561799+07
4	abcdef	0004_alter_phonenorm_num_max_alter_phonenorm_num_min	2025-12-13 09:35:28.609449+07
5	abcdef	0005_alter_territory_options	2025-12-13 09:35:28.612785+07
6	abcdef	0006_alter_phonenorm_unique_together	2025-12-13 09:35:28.621671+07
7	abcdef	0007_alter_phonenorm_num_prefix	2025-12-13 09:35:28.628082+07
8	abcdef	0008_alter_phonenorm_num_prefix	2025-12-13 09:35:28.644097+07
9	contenttypes	0001_initial	2025-12-13 09:35:28.653401+07
10	auth	0001_initial	2025-12-13 09:35:28.740605+07
11	admin	0001_initial	2025-12-13 09:35:28.762125+07
12	admin	0002_logentry_remove_auto_add	2025-12-13 09:35:28.768226+07
13	admin	0003_logentry_add_action_flag_choices	2025-12-13 09:35:28.774366+07
14	contenttypes	0002_remove_content_type_name	2025-12-13 09:35:28.789394+07
15	auth	0002_alter_permission_name_max_length	2025-12-13 09:35:28.795804+07
16	auth	0003_alter_user_email_max_length	2025-12-13 09:35:28.802434+07
17	auth	0004_alter_user_username_opts	2025-12-13 09:35:28.809915+07
18	auth	0005_alter_user_last_login_null	2025-12-13 09:35:28.817008+07
19	auth	0006_require_contenttypes_0002	2025-12-13 09:35:28.818268+07
20	auth	0007_alter_validators_add_error_messages	2025-12-13 09:35:28.824053+07
21	auth	0008_alter_user_username_max_length	2025-12-13 09:35:28.834075+07
22	auth	0009_alter_user_last_name_max_length	2025-12-13 09:35:28.841321+07
23	auth	0010_alter_group_name_max_length	2025-12-13 09:35:28.847996+07
24	auth	0011_update_proxy_permissions	2025-12-13 09:35:28.855345+07
25	auth	0012_alter_user_first_name_max_length	2025-12-13 09:35:28.861454+07
26	authtoken	0001_initial	2025-12-13 09:35:28.886554+07
27	authtoken	0002_auto_20160226_1747	2025-12-13 09:35:28.96776+07
28	authtoken	0003_tokenproxy	2025-12-13 09:35:28.971422+07
29	authtoken	0004_alter_tokenproxy_options	2025-12-13 09:35:28.977884+07
30	sessions	0001_initial	2025-12-13 09:35:28.996367+07
\.


--
-- Data for Name: django_session; Type: TABLE DATA; Schema: public; Owner: -
--

COPY public.django_session (session_key, session_data, expire_date) FROM stdin;
\.


--
-- Name: abcdef_downloadinfo_id_seq; Type: SEQUENCE SET; Schema: public; Owner: -
--

SELECT pg_catalog.setval('public.abcdef_downloadinfo_id_seq', 1, false);


--
-- Name: abcdef_opsos_id_seq; Type: SEQUENCE SET; Schema: public; Owner: -
--

SELECT pg_catalog.setval('public.abcdef_opsos_id_seq', 1, false);


--
-- Name: abcdef_phone_id_seq; Type: SEQUENCE SET; Schema: public; Owner: -
--

SELECT pg_catalog.setval('public.abcdef_phone_id_seq', 1, false);


--
-- Name: abcdef_phonenorm_id_seq; Type: SEQUENCE SET; Schema: public; Owner: -
--

SELECT pg_catalog.setval('public.abcdef_phonenorm_id_seq', 1, false);


--
-- Name: abcdef_territory_id_seq; Type: SEQUENCE SET; Schema: public; Owner: -
--

SELECT pg_catalog.setval('public.abcdef_territory_id_seq', 1, false);


--
-- Name: auth_group_id_seq; Type: SEQUENCE SET; Schema: public; Owner: -
--

SELECT pg_catalog.setval('public.auth_group_id_seq', 1, false);


--
-- Name: auth_group_permissions_id_seq; Type: SEQUENCE SET; Schema: public; Owner: -
--

SELECT pg_catalog.setval('public.auth_group_permissions_id_seq', 1, false);


--
-- Name: auth_permission_id_seq; Type: SEQUENCE SET; Schema: public; Owner: -
--

SELECT pg_catalog.setval('public.auth_permission_id_seq', 52, true);


--
-- Name: auth_user_groups_id_seq; Type: SEQUENCE SET; Schema: public; Owner: -
--

SELECT pg_catalog.setval('public.auth_user_groups_id_seq', 1, false);


--
-- Name: auth_user_id_seq; Type: SEQUENCE SET; Schema: public; Owner: -
--

SELECT pg_catalog.setval('public.auth_user_id_seq', 1, false);


--
-- Name: auth_user_user_permissions_id_seq; Type: SEQUENCE SET; Schema: public; Owner: -
--

SELECT pg_catalog.setval('public.auth_user_user_permissions_id_seq', 1, false);


--
-- Name: django_admin_log_id_seq; Type: SEQUENCE SET; Schema: public; Owner: -
--

SELECT pg_catalog.setval('public.django_admin_log_id_seq', 1, false);


--
-- Name: django_content_type_id_seq; Type: SEQUENCE SET; Schema: public; Owner: -
--

SELECT pg_catalog.setval('public.django_content_type_id_seq', 13, true);


--
-- Name: django_migrations_id_seq; Type: SEQUENCE SET; Schema: public; Owner: -
--

SELECT pg_catalog.setval('public.django_migrations_id_seq', 30, true);


--
-- Name: abcdef_downloadinfo abcdef_downloadinfo_name_key; Type: CONSTRAINT; Schema: public; Owner: -
--

ALTER TABLE ONLY public.abcdef_downloadinfo
    ADD CONSTRAINT abcdef_downloadinfo_name_key UNIQUE (name);


--
-- Name: abcdef_downloadinfo abcdef_downloadinfo_pkey; Type: CONSTRAINT; Schema: public; Owner: -
--

ALTER TABLE ONLY public.abcdef_downloadinfo
    ADD CONSTRAINT abcdef_downloadinfo_pkey PRIMARY KEY (id);


--
-- Name: abcdef_opsos abcdef_opsos_name_4a8027c6_uniq; Type: CONSTRAINT; Schema: public; Owner: -
--

ALTER TABLE ONLY public.abcdef_opsos
    ADD CONSTRAINT abcdef_opsos_name_4a8027c6_uniq UNIQUE (name);


--
-- Name: abcdef_opsos abcdef_opsos_pkey; Type: CONSTRAINT; Schema: public; Owner: -
--

ALTER TABLE ONLY public.abcdef_opsos
    ADD CONSTRAINT abcdef_opsos_pkey PRIMARY KEY (id);


--
-- Name: abcdef_phone abcdef_phone_num_prefix_num_start_num_end_3af1f1ab_uniq; Type: CONSTRAINT; Schema: public; Owner: -
--

ALTER TABLE ONLY public.abcdef_phone
    ADD CONSTRAINT abcdef_phone_num_prefix_num_start_num_end_3af1f1ab_uniq UNIQUE (num_prefix, num_start, num_end);


--
-- Name: abcdef_phone abcdef_phone_pkey; Type: CONSTRAINT; Schema: public; Owner: -
--

ALTER TABLE ONLY public.abcdef_phone
    ADD CONSTRAINT abcdef_phone_pkey PRIMARY KEY (id);


--
-- Name: abcdef_phonenorm abcdef_phonenorm_num_prefix_num_min_num_max_5dcbb5a8_uniq; Type: CONSTRAINT; Schema: public; Owner: -
--

ALTER TABLE ONLY public.abcdef_phonenorm
    ADD CONSTRAINT abcdef_phonenorm_num_prefix_num_min_num_max_5dcbb5a8_uniq UNIQUE (num_prefix, num_min, num_max);


--
-- Name: abcdef_phonenorm abcdef_phonenorm_pkey; Type: CONSTRAINT; Schema: public; Owner: -
--

ALTER TABLE ONLY public.abcdef_phonenorm
    ADD CONSTRAINT abcdef_phonenorm_pkey PRIMARY KEY (id);


--
-- Name: abcdef_territory abcdef_territory_name_91cf9ea1_uniq; Type: CONSTRAINT; Schema: public; Owner: -
--

ALTER TABLE ONLY public.abcdef_territory
    ADD CONSTRAINT abcdef_territory_name_91cf9ea1_uniq UNIQUE (name);


--
-- Name: abcdef_territory abcdef_territory_pkey; Type: CONSTRAINT; Schema: public; Owner: -
--

ALTER TABLE ONLY public.abcdef_territory
    ADD CONSTRAINT abcdef_territory_pkey PRIMARY KEY (id);


--
-- Name: auth_group auth_group_name_key; Type: CONSTRAINT; Schema: public; Owner: -
--

ALTER TABLE ONLY public.auth_group
    ADD CONSTRAINT auth_group_name_key UNIQUE (name);


--
-- Name: auth_group_permissions auth_group_permissions_group_id_permission_id_0cd325b0_uniq; Type: CONSTRAINT; Schema: public; Owner: -
--

ALTER TABLE ONLY public.auth_group_permissions
    ADD CONSTRAINT auth_group_permissions_group_id_permission_id_0cd325b0_uniq UNIQUE (group_id, permission_id);


--
-- Name: auth_group_permissions auth_group_permissions_pkey; Type: CONSTRAINT; Schema: public; Owner: -
--

ALTER TABLE ONLY public.auth_group_permissions
    ADD CONSTRAINT auth_group_permissions_pkey PRIMARY KEY (id);


--
-- Name: auth_group auth_group_pkey; Type: CONSTRAINT; Schema: public; Owner: -
--

ALTER TABLE ONLY public.auth_group
    ADD CONSTRAINT auth_group_pkey PRIMARY KEY (id);


--
-- Name: auth_permission auth_permission_content_type_id_codename_01ab375a_uniq; Type: CONSTRAINT; Schema: public; Owner: -
--

ALTER TABLE ONLY public.auth_permission
    ADD CONSTRAINT auth_permission_content_type_id_codename_01ab375a_uniq UNIQUE (content_type_id, codename);


--
-- Name: auth_permission auth_permission_pkey; Type: CONSTRAINT; Schema: public; Owner: -
--

ALTER TABLE ONLY public.auth_permission
    ADD CONSTRAINT auth_permission_pkey PRIMARY KEY (id);


--
-- Name: auth_user_groups auth_user_groups_pkey; Type: CONSTRAINT; Schema: public; Owner: -
--

ALTER TABLE ONLY public.auth_user_groups
    ADD CONSTRAINT auth_user_groups_pkey PRIMARY KEY (id);


--
-- Name: auth_user_groups auth_user_groups_user_id_group_id_94350c0c_uniq; Type: CONSTRAINT; Schema: public; Owner: -
--

ALTER TABLE ONLY public.auth_user_groups
    ADD CONSTRAINT auth_user_groups_user_id_group_id_94350c0c_uniq UNIQUE (user_id, group_id);


--
-- Name: auth_user auth_user_pkey; Type: CONSTRAINT; Schema: public; Owner: -
--

ALTER TABLE ONLY public.auth_user
    ADD CONSTRAINT auth_user_pkey PRIMARY KEY (id);


--
-- Name: auth_user_user_permissions auth_user_user_permissions_pkey; Type: CONSTRAINT; Schema: public; Owner: -
--

ALTER TABLE ONLY public.auth_user_user_permissions
    ADD CONSTRAINT auth_user_user_permissions_pkey PRIMARY KEY (id);


--
-- Name: auth_user_user_permissions auth_user_user_permissions_user_id_permission_id_14a6b632_uniq; Type: CONSTRAINT; Schema: public; Owner: -
--

ALTER TABLE ONLY public.auth_user_user_permissions
    ADD CONSTRAINT auth_user_user_permissions_user_id_permission_id_14a6b632_uniq UNIQUE (user_id, permission_id);


--
-- Name: auth_user auth_user_username_key; Type: CONSTRAINT; Schema: public; Owner: -
--

ALTER TABLE ONLY public.auth_user
    ADD CONSTRAINT auth_user_username_key UNIQUE (username);


--
-- Name: authtoken_token authtoken_token_pkey; Type: CONSTRAINT; Schema: public; Owner: -
--

ALTER TABLE ONLY public.authtoken_token
    ADD CONSTRAINT authtoken_token_pkey PRIMARY KEY (key);


--
-- Name: authtoken_token authtoken_token_user_id_key; Type: CONSTRAINT; Schema: public; Owner: -
--

ALTER TABLE ONLY public.authtoken_token
    ADD CONSTRAINT authtoken_token_user_id_key UNIQUE (user_id);


--
-- Name: django_admin_log django_admin_log_pkey; Type: CONSTRAINT; Schema: public; Owner: -
--

ALTER TABLE ONLY public.django_admin_log
    ADD CONSTRAINT django_admin_log_pkey PRIMARY KEY (id);


--
-- Name: django_content_type django_content_type_app_label_model_76bd3d3b_uniq; Type: CONSTRAINT; Schema: public; Owner: -
--

ALTER TABLE ONLY public.django_content_type
    ADD CONSTRAINT django_content_type_app_label_model_76bd3d3b_uniq UNIQUE (app_label, model);


--
-- Name: django_content_type django_content_type_pkey; Type: CONSTRAINT; Schema: public; Owner: -
--

ALTER TABLE ONLY public.django_content_type
    ADD CONSTRAINT django_content_type_pkey PRIMARY KEY (id);


--
-- Name: django_migrations django_migrations_pkey; Type: CONSTRAINT; Schema: public; Owner: -
--

ALTER TABLE ONLY public.django_migrations
    ADD CONSTRAINT django_migrations_pkey PRIMARY KEY (id);


--
-- Name: django_session django_session_pkey; Type: CONSTRAINT; Schema: public; Owner: -
--

ALTER TABLE ONLY public.django_session
    ADD CONSTRAINT django_session_pkey PRIMARY KEY (session_key);


--
-- Name: abcdef_downloadinfo_name_9545eb7e_like; Type: INDEX; Schema: public; Owner: -
--

CREATE INDEX abcdef_downloadinfo_name_9545eb7e_like ON public.abcdef_downloadinfo USING btree (name varchar_pattern_ops);


--
-- Name: abcdef_opsos_name_4a8027c6_like; Type: INDEX; Schema: public; Owner: -
--

CREATE INDEX abcdef_opsos_name_4a8027c6_like ON public.abcdef_opsos USING btree (name varchar_pattern_ops);


--
-- Name: abcdef_phonenorm_opsos_id_2f70793c; Type: INDEX; Schema: public; Owner: -
--

CREATE INDEX abcdef_phonenorm_opsos_id_2f70793c ON public.abcdef_phonenorm USING btree (opsos_id);


--
-- Name: abcdef_phonenorm_territory_id_1b5b5f4a; Type: INDEX; Schema: public; Owner: -
--

CREATE INDEX abcdef_phonenorm_territory_id_1b5b5f4a ON public.abcdef_phonenorm USING btree (territory_id);


--
-- Name: abcdef_territory_name_91cf9ea1_like; Type: INDEX; Schema: public; Owner: -
--

CREATE INDEX abcdef_territory_name_91cf9ea1_like ON public.abcdef_territory USING btree (name text_pattern_ops);


--
-- Name: auth_group_name_a6ea08ec_like; Type: INDEX; Schema: public; Owner: -
--

CREATE INDEX auth_group_name_a6ea08ec_like ON public.auth_group USING btree (name varchar_pattern_ops);


--
-- Name: auth_group_permissions_group_id_b120cbf9; Type: INDEX; Schema: public; Owner: -
--

CREATE INDEX auth_group_permissions_group_id_b120cbf9 ON public.auth_group_permissions USING btree (group_id);


--
-- Name: auth_group_permissions_permission_id_84c5c92e; Type: INDEX; Schema: public; Owner: -
--

CREATE INDEX auth_group_permissions_permission_id_84c5c92e ON public.auth_group_permissions USING btree (permission_id);


--
-- Name: auth_permission_content_type_id_2f476e4b; Type: INDEX; Schema: public; Owner: -
--

CREATE INDEX auth_permission_content_type_id_2f476e4b ON public.auth_permission USING btree (content_type_id);


--
-- Name: auth_user_groups_group_id_97559544; Type: INDEX; Schema: public; Owner: -
--

CREATE INDEX auth_user_groups_group_id_97559544 ON public.auth_user_groups USING btree (group_id);


--
-- Name: auth_user_groups_user_id_6a12ed8b; Type: INDEX; Schema: public; Owner: -
--

CREATE INDEX auth_user_groups_user_id_6a12ed8b ON public.auth_user_groups USING btree (user_id);


--
-- Name: auth_user_user_permissions_permission_id_1fbb5f2c; Type: INDEX; Schema: public; Owner: -
--

CREATE INDEX auth_user_user_permissions_permission_id_1fbb5f2c ON public.auth_user_user_permissions USING btree (permission_id);


--
-- Name: auth_user_user_permissions_user_id_a95ead1b; Type: INDEX; Schema: public; Owner: -
--

CREATE INDEX auth_user_user_permissions_user_id_a95ead1b ON public.auth_user_user_permissions USING btree (user_id);


--
-- Name: auth_user_username_6821ab7c_like; Type: INDEX; Schema: public; Owner: -
--

CREATE INDEX auth_user_username_6821ab7c_like ON public.auth_user USING btree (username varchar_pattern_ops);


--
-- Name: authtoken_token_key_10f0b77e_like; Type: INDEX; Schema: public; Owner: -
--

CREATE INDEX authtoken_token_key_10f0b77e_like ON public.authtoken_token USING btree (key varchar_pattern_ops);


--
-- Name: django_admin_log_content_type_id_c4bce8eb; Type: INDEX; Schema: public; Owner: -
--

CREATE INDEX django_admin_log_content_type_id_c4bce8eb ON public.django_admin_log USING btree (content_type_id);


--
-- Name: django_admin_log_user_id_c564eba6; Type: INDEX; Schema: public; Owner: -
--

CREATE INDEX django_admin_log_user_id_c564eba6 ON public.django_admin_log USING btree (user_id);


--
-- Name: django_session_expire_date_a5c62663; Type: INDEX; Schema: public; Owner: -
--

CREATE INDEX django_session_expire_date_a5c62663 ON public.django_session USING btree (expire_date);


--
-- Name: django_session_session_key_c0390e0f_like; Type: INDEX; Schema: public; Owner: -
--

CREATE INDEX django_session_session_key_c0390e0f_like ON public.django_session USING btree (session_key varchar_pattern_ops);


--
-- Name: abcdef_phonenorm abcdef_phonenorm_opsos_id_2f70793c_fk_abcdef_opsos_id; Type: FK CONSTRAINT; Schema: public; Owner: -
--

ALTER TABLE ONLY public.abcdef_phonenorm
    ADD CONSTRAINT abcdef_phonenorm_opsos_id_2f70793c_fk_abcdef_opsos_id FOREIGN KEY (opsos_id) REFERENCES public.abcdef_opsos(id) DEFERRABLE INITIALLY DEFERRED;


--
-- Name: abcdef_phonenorm abcdef_phonenorm_territory_id_1b5b5f4a_fk_abcdef_territory_id; Type: FK CONSTRAINT; Schema: public; Owner: -
--

ALTER TABLE ONLY public.abcdef_phonenorm
    ADD CONSTRAINT abcdef_phonenorm_territory_id_1b5b5f4a_fk_abcdef_territory_id FOREIGN KEY (territory_id) REFERENCES public.abcdef_territory(id) DEFERRABLE INITIALLY DEFERRED;


--
-- Name: auth_group_permissions auth_group_permissio_permission_id_84c5c92e_fk_auth_perm; Type: FK CONSTRAINT; Schema: public; Owner: -
--

ALTER TABLE ONLY public.auth_group_permissions
    ADD CONSTRAINT auth_group_permissio_permission_id_84c5c92e_fk_auth_perm FOREIGN KEY (permission_id) REFERENCES public.auth_permission(id) DEFERRABLE INITIALLY DEFERRED;


--
-- Name: auth_group_permissions auth_group_permissions_group_id_b120cbf9_fk_auth_group_id; Type: FK CONSTRAINT; Schema: public; Owner: -
--

ALTER TABLE ONLY public.auth_group_permissions
    ADD CONSTRAINT auth_group_permissions_group_id_b120cbf9_fk_auth_group_id FOREIGN KEY (group_id) REFERENCES public.auth_group(id) DEFERRABLE INITIALLY DEFERRED;


--
-- Name: auth_permission auth_permission_content_type_id_2f476e4b_fk_django_co; Type: FK CONSTRAINT; Schema: public; Owner: -
--

ALTER TABLE ONLY public.auth_permission
    ADD CONSTRAINT auth_permission_content_type_id_2f476e4b_fk_django_co FOREIGN KEY (content_type_id) REFERENCES public.django_content_type(id) DEFERRABLE INITIALLY DEFERRED;


--
-- Name: auth_user_groups auth_user_groups_group_id_97559544_fk_auth_group_id; Type: FK CONSTRAINT; Schema: public; Owner: -
--

ALTER TABLE ONLY public.auth_user_groups
    ADD CONSTRAINT auth_user_groups_group_id_97559544_fk_auth_group_id FOREIGN KEY (group_id) REFERENCES public.auth_group(id) DEFERRABLE INITIALLY DEFERRED;


--
-- Name: auth_user_groups auth_user_groups_user_id_6a12ed8b_fk_auth_user_id; Type: FK CONSTRAINT; Schema: public; Owner: -
--

ALTER TABLE ONLY public.auth_user_groups
    ADD CONSTRAINT auth_user_groups_user_id_6a12ed8b_fk_auth_user_id FOREIGN KEY (user_id) REFERENCES public.auth_user(id) DEFERRABLE INITIALLY DEFERRED;


--
-- Name: auth_user_user_permissions auth_user_user_permi_permission_id_1fbb5f2c_fk_auth_perm; Type: FK CONSTRAINT; Schema: public; Owner: -
--

ALTER TABLE ONLY public.auth_user_user_permissions
    ADD CONSTRAINT auth_user_user_permi_permission_id_1fbb5f2c_fk_auth_perm FOREIGN KEY (permission_id) REFERENCES public.auth_permission(id) DEFERRABLE INITIALLY DEFERRED;


--
-- Name: auth_user_user_permissions auth_user_user_permissions_user_id_a95ead1b_fk_auth_user_id; Type: FK CONSTRAINT; Schema: public; Owner: -
--

ALTER TABLE ONLY public.auth_user_user_permissions
    ADD CONSTRAINT auth_user_user_permissions_user_id_a95ead1b_fk_auth_user_id FOREIGN KEY (user_id) REFERENCES public.auth_user(id) DEFERRABLE INITIALLY DEFERRED;


--
-- Name: authtoken_token authtoken_token_user_id_35299eff_fk_auth_user_id; Type: FK CONSTRAINT; Schema: public; Owner: -
--

ALTER TABLE ONLY public.authtoken_token
    ADD CONSTRAINT authtoken_token_user_id_35299eff_fk_auth_user_id FOREIGN KEY (user_id) REFERENCES public.auth_user(id) DEFERRABLE INITIALLY DEFERRED;


--
-- Name: django_admin_log django_admin_log_content_type_id_c4bce8eb_fk_django_co; Type: FK CONSTRAINT; Schema: public; Owner: -
--

ALTER TABLE ONLY public.django_admin_log
    ADD CONSTRAINT django_admin_log_content_type_id_c4bce8eb_fk_django_co FOREIGN KEY (content_type_id) REFERENCES public.django_content_type(id) DEFERRABLE INITIALLY DEFERRED;


--
-- Name: django_admin_log django_admin_log_user_id_c564eba6_fk_auth_user_id; Type: FK CONSTRAINT; Schema: public; Owner: -
--

ALTER TABLE ONLY public.django_admin_log
    ADD CONSTRAINT django_admin_log_user_id_c564eba6_fk_auth_user_id FOREIGN KEY (user_id) REFERENCES public.auth_user(id) DEFERRABLE INITIALLY DEFERRED;


--
-- PostgreSQL database dump complete
--

\unrestrict wacQxcVUT3rWYJywtchLc5n2PzrgDDrVt0mjneAlDK2v6CzqFMXfYNZSSpMnlWQ

